{"cameraMode":{"drawMode":0,"name":"Shaded","section":"Shading Mode"},"sceneLighting":true,"audioPlay":false,"sceneViewState":{"showFog":true,"showMaterialUpdate":true,"showSkybox":true,"showFlares":true,"showImageEffects":true,"showParticleSystems":true},"in2DMode":false,"pivot":{"x":0.21390464901924134,"y":5.505313396453857,"z":17.105148315429689},"rotation":{"x":0.04198966547846794,"y":0.004495302215218544,"z":-0.00018911503138951957,"w":0.9991079568862915},"size":34.79065704345703,"orthographic":false}