{"cameraMode":{"drawMode":0,"name":"Shaded","section":"Shading Mode"},"sceneLighting":true,"audioPlay":false,"sceneViewState":{"showFog":true,"showMaterialUpdate":true,"showSkybox":true,"showFlares":true,"showImageEffects":true,"showParticleSystems":true},"in2DMode":false,"pivot":{"x":0.9741650819778442,"y":1.2584905624389649,"z":26.133686065673829},"rotation":{"x":-0.18499012291431428,"y":0.05068262293934822,"z":-0.009553179144859314,"w":-0.981386125087738},"size":21.562416076660158,"orthographic":false}