{"cameraMode":{"drawMode":0,"name":"Shaded","section":"Shading Mode"},"sceneLighting":true,"audioPlay":false,"sceneViewState":{"showFog":true,"showMaterialUpdate":true,"showSkybox":true,"showFlares":true,"showImageEffects":true,"showParticleSystems":true},"in2DMode":false,"pivot":{"x":4.1315388679504398,"y":5.59242057800293,"z":19.263051986694337},"rotation":{"x":-0.04048733785748482,"y":0.008992481045424939,"z":0.00036439773975871503,"w":0.9991395473480225},"size":24.51047706604004,"orthographic":false}