{"cameraMode":{"drawMode":0,"name":"Shaded","section":"Shading Mode"},"sceneLighting":true,"audioPlay":false,"sceneViewState":{"showFog":true,"showMaterialUpdate":true,"showSkybox":true,"showFlares":true,"showImageEffects":true,"showParticleSystems":true},"in2DMode":false,"pivot":{"x":4.674478530883789,"y":3.9001035690307619,"z":21.976470947265626},"rotation":{"x":0.09627417474985123,"y":-0.1472521722316742,"z":0.014402743428945542,"w":0.9842970967292786},"size":23.723527908325197,"orthographic":false}