{"cameraMode":{"drawMode":0,"name":"Shaded","section":"Shading Mode"},"sceneLighting":true,"audioPlay":false,"sceneViewState":{"showFog":true,"showMaterialUpdate":true,"showSkybox":true,"showFlares":true,"showImageEffects":true,"showParticleSystems":true},"in2DMode":false,"pivot":{"x":-0.6371831893920898,"y":12.036866188049317,"z":80.90941619873047},"rotation":{"x":0.01649911142885685,"y":-0.014998922124505043,"z":0.00024710624711588025,"w":0.9997513890266419},"size":83.13660430908203,"orthographic":false}