{"cameraMode":{"drawMode":0,"name":"Shaded","section":"Shading Mode"},"sceneLighting":true,"audioPlay":false,"sceneViewState":{"showFog":true,"showMaterialUpdate":true,"showSkybox":true,"showFlares":true,"showImageEffects":true,"showParticleSystems":true},"in2DMode":false,"pivot":{"x":-0.4441070556640625,"y":0.1982421875,"z":-0.234375},"rotation":{"x":0.11524377018213272,"y":-0.002372612478211522,"z":-0.00027077883714810014,"w":-0.9933344125747681},"size":28.45496940612793,"orthographic":true}