{"cameraMode":{"drawMode":0,"name":"Shaded","section":"Shading Mode"},"sceneLighting":true,"audioPlay":false,"sceneViewState":{"showFog":true,"showMaterialUpdate":true,"showSkybox":true,"showFlares":true,"showImageEffects":true,"showParticleSystems":true},"in2DMode":false,"pivot":{"x":-2.381591796875,"y":10.98333740234375,"z":-1.54296875},"rotation":{"x":0.005997426807880402,"y":0.029995093122124673,"z":-0.00018045303295366466,"w":0.9995320439338684},"size":27.41600227355957,"orthographic":true}