{"cameraMode":{"drawMode":0,"name":"Shaded","section":"Shading Mode"},"sceneLighting":true,"audioPlay":false,"sceneViewState":{"showFog":true,"showMaterialUpdate":true,"showSkybox":true,"showFlares":true,"showImageEffects":true,"showParticleSystems":true},"in2DMode":false,"pivot":{"x":-4.521965980529785,"y":7.232370376586914,"z":-5.174353122711182},"rotation":{"x":0.3290025293827057,"y":-0.10677177459001541,"z":0.037469282746315,"w":0.9375249743461609},"size":21.694101333618165,"orthographic":true}