{"cameraMode":{"drawMode":0,"name":"Shaded","section":"Shading Mode"},"sceneLighting":true,"audioPlay":false,"sceneViewState":{"showFog":true,"showMaterialUpdate":true,"showSkybox":true,"showFlares":true,"showImageEffects":true,"showParticleSystems":true},"in2DMode":false,"pivot":{"x":2.550658702850342,"y":2.0910215377807619,"z":-2.3996994495391847},"rotation":{"x":0.028811583295464517,"y":0.9692751169204712,"z":-0.139063760638237,"w":0.2008408159017563},"size":33.04065704345703,"orthographic":true}