{"cameraMode":{"drawMode":0,"name":"Shaded","section":"Shading Mode"},"sceneLighting":true,"audioPlay":false,"sceneViewState":{"showFog":true,"showMaterialUpdate":true,"showSkybox":true,"showFlares":true,"showImageEffects":true,"showParticleSystems":true},"in2DMode":false,"pivot":{"x":-106.49811553955078,"y":-90.93022918701172,"z":89.36679077148438},"rotation":{"x":-0.2470732033252716,"y":0.4352313280105591,"z":-0.12553495168685914,"w":-0.8566035032272339},"size":201.37228393554688,"orthographic":false}