{"cameraMode":{"drawMode":0,"name":"Shaded","section":"Shading Mode"},"sceneLighting":true,"audioPlay":false,"sceneViewState":{"showFog":true,"showMaterialUpdate":true,"showSkybox":true,"showFlares":true,"showImageEffects":true,"showParticleSystems":true},"in2DMode":false,"pivot":{"x":-0.059885263442993167,"y":2.765003204345703,"z":18.011930465698243},"rotation":{"x":0.10775348544120789,"y":-0.026840217411518098,"z":0.0029099266976118089,"w":0.9938110113143921},"size":41.48850631713867,"orthographic":false}