{"cameraMode":{"drawMode":0,"name":"Shaded","section":"Shading Mode"},"sceneLighting":true,"audioPlay":false,"sceneViewState":{"showFog":true,"showMaterialUpdate":true,"showSkybox":true,"showFlares":true,"showImageEffects":true,"showParticleSystems":true},"in2DMode":false,"pivot":{"x":-44.97737121582031,"y":11.910459518432618,"z":-49.915191650390628},"rotation":{"x":0.007622587028890848,"y":0.8160106539726257,"z":0.010763328522443772,"w":-0.5778864026069641},"size":68.1400375366211,"orthographic":false}