{"cameraMode":{"drawMode":0,"name":"Shaded","section":"Shading Mode"},"sceneLighting":true,"audioPlay":false,"sceneViewState":{"showFog":true,"showMaterialUpdate":true,"showSkybox":true,"showFlares":true,"showImageEffects":true,"showParticleSystems":true},"in2DMode":false,"pivot":{"x":1.1342599391937256,"y":5.796774864196777,"z":0.008610522374510765},"rotation":{"x":0.12268002331256867,"y":-0.012800510972738266,"z":0.001582674914970994,"w":0.9923624396324158},"size":21.001785278320314,"orthographic":true}