{"cameraMode":{"drawMode":0,"name":"Shaded","section":"Shading Mode"},"sceneLighting":true,"audioPlay":false,"sceneViewState":{"showFog":true,"showMaterialUpdate":true,"showSkybox":true,"showFlares":true,"showImageEffects":true,"showParticleSystems":true},"in2DMode":false,"pivot":{"x":-16.39535903930664,"y":-9.372659683227539,"z":37.96014404296875},"rotation":{"x":-0.15547220408916474,"y":0.19624857604503632,"z":-0.03153180330991745,"w":-0.9676366448402405},"size":94.02867126464844,"orthographic":false}