{"cameraMode":{"drawMode":0,"name":"Shaded","section":"Shading Mode"},"sceneLighting":true,"audioPlay":false,"sceneViewState":{"showFog":true,"showMaterialUpdate":true,"showSkybox":true,"showFlares":true,"showImageEffects":true,"showParticleSystems":true},"in2DMode":false,"pivot":{"x":0.0,"y":1.7394580841064454,"z":18.37689781188965},"rotation":{"x":0.1483680158853531,"y":-0.18106479942798615,"z":0.02764301560819149,"w":0.971822202205658},"size":31.38119888305664,"orthographic":true}