{"cameraMode":{"drawMode":0,"name":"Shaded","section":"Shading Mode"},"sceneLighting":true,"audioPlay":false,"sceneViewState":{"showFog":true,"showMaterialUpdate":true,"showSkybox":true,"showFlares":true,"showImageEffects":true,"showParticleSystems":true},"in2DMode":false,"pivot":{"x":-0.18994140625,"y":8.277099609375,"z":16.2734375},"rotation":{"x":0.0659378170967102,"y":0.02095276676118374,"z":-0.0013852143893018365,"w":0.9976028203964233},"size":29.48613166809082,"orthographic":true}