{"cameraMode":{"drawMode":0,"name":"Shaded","section":"Shading Mode"},"sceneLighting":true,"audioPlay":false,"sceneViewState":{"showFog":true,"showMaterialUpdate":true,"showSkybox":true,"showFlares":true,"showImageEffects":true,"showParticleSystems":true},"in2DMode":false,"pivot":{"x":7.580325126647949,"y":-17.03327178955078,"z":137.9314422607422},"rotation":{"x":0.09285077452659607,"y":0.019413772970438005,"z":-0.001810943242162466,"w":0.9954891204833984},"size":155.12916564941407,"orthographic":false}