{"cameraMode":{"drawMode":0,"name":"Shaded","section":"Shading Mode"},"sceneLighting":true,"audioPlay":false,"sceneViewState":{"showFog":true,"showMaterialUpdate":true,"showSkybox":true,"showFlares":true,"showImageEffects":true,"showParticleSystems":true},"in2DMode":false,"pivot":{"x":6.888975143432617,"y":5.341256141662598,"z":11.560216903686524},"rotation":{"x":0.21556663513183595,"y":0.04421328380703926,"z":0.0097698038443923,"w":-0.9754387736320496},"size":30.352754592895509,"orthographic":true}