{"cameraMode":{"drawMode":0,"name":"Shaded","section":"Shading Mode"},"sceneLighting":true,"audioPlay":false,"sceneViewState":{"showFog":true,"showMaterialUpdate":true,"showSkybox":true,"showFlares":true,"showImageEffects":true,"showParticleSystems":true},"in2DMode":false,"pivot":{"x":1.6133191585540772,"y":12.821037292480469,"z":8.056882858276368},"rotation":{"x":-0.1192644014954567,"y":0.2764045298099518,"z":-0.03459280729293823,"w":-0.9529847502708435},"size":51.815673828125,"orthographic":true}