{"cameraMode":{"drawMode":0,"name":"Shaded","section":"Shading Mode"},"sceneLighting":true,"audioPlay":false,"sceneViewState":{"showFog":true,"showMaterialUpdate":true,"showSkybox":true,"showFlares":true,"showImageEffects":true,"showParticleSystems":true},"in2DMode":false,"pivot":{"x":-6.137496471405029,"y":5.009766101837158,"z":9.88359260559082},"rotation":{"x":-0.19735421240329743,"y":-0.7545388340950012,"z":0.26199871301651,"w":-0.5684005618095398},"size":23.43474006652832,"orthographic":true}