{"cameraMode":{"drawMode":0,"name":"Shaded","section":"Shading Mode"},"sceneLighting":true,"audioPlay":false,"sceneViewState":{"showFog":true,"showMaterialUpdate":true,"showSkybox":true,"showFlares":true,"showImageEffects":true,"showParticleSystems":true},"in2DMode":false,"pivot":{"x":-18.981822967529298,"y":7.9456963539123539,"z":24.667051315307618},"rotation":{"x":-0.03723141551017761,"y":-0.2967272400856018,"z":-0.011578267440199852,"w":0.954166054725647},"size":43.43206787109375,"orthographic":false}