{"cameraMode":{"drawMode":0,"name":"Shaded","section":"Shading Mode"},"sceneLighting":true,"audioPlay":false,"sceneViewState":{"showFog":true,"showMaterialUpdate":true,"showSkybox":true,"showFlares":true,"showImageEffects":true,"showParticleSystems":true},"in2DMode":false,"pivot":{"x":9.2484769821167,"y":6.049455642700195,"z":10.730443954467774},"rotation":{"x":-0.2288917899131775,"y":0.15545505285263062,"z":-0.037048451602458957,"w":-0.9602445960044861},"size":41.40772247314453,"orthographic":true}