{"cameraMode":{"drawMode":0,"name":"Shaded","section":"Shading Mode"},"sceneLighting":true,"audioPlay":false,"sceneViewState":{"showFog":true,"showMaterialUpdate":true,"showSkybox":true,"showFlares":true,"showImageEffects":true,"showParticleSystems":true},"in2DMode":false,"pivot":{"x":-6.8357954025268559,"y":-0.0820520669221878,"z":17.631288528442384},"rotation":{"x":0.09627417474985123,"y":-0.1472521722316742,"z":0.014402743428945542,"w":0.9842970967292786},"size":37.57460403442383,"orthographic":false}